time_h,total_mean_assim
8.0,20.49146511994149
10.0,34.27438408698623
12.0,39.5762750515942
14.0,34.28940429124062
16.0,20.603336534965646
